seed,scenario,planned_cases,completed_cases,matched_expected_outcome,observed_effects,mismatches,p50_ms,p95_ms,p99_ms
20261002,allowed,800,800,800,800,0,4714.22,8217.644,12699.921
20261002,allowed_boundary,700,700,700,700,0,4743.708,8469.754,12805.17
20261002,approval_race,600,600,600,0,0,8939.106,14732.774,17931.003
20261002,authority_unavailable,600,600,600,0,0,4073.605,7182.813,9843.894
20261002,direct_bypass,600,600,600,0,0,29.989,104.981,235.841
20261002,effect_substitution,600,600,600,0,0,4491.98,7850.008,12446.458
20261002,expired,700,700,700,0,0,4055.385,7296.416,11722.542
20261002,expired_request,600,600,600,0,0,29.215,105.499,186.306
20261002,missing_proof,600,600,600,0,0,27.767,113.064,292.444
20261002,over_limit,600,600,600,0,0,4200.643,7558.511,9987.648
20261002,payload_tamper,600,600,600,0,0,33.44,113.214,205.458
20261002,replay,600,600,600,0,0,4570.577,8251.777,12761.769
20261002,revoked,600,600,600,0,0,4123.147,7359.883,8623.842
20261002,tampered_proof,600,600,600,0,0,4540.823,7802.467,9699.664
20261002,wrong_identity,600,600,600,0,0,28.34,122.137,284.406
20261002,wrong_scope,600,600,600,0,0,4084.721,7369.827,9914.21
20261003,allowed,800,800,800,800,0,4904.61,9142.768,12167.17
20261003,allowed_boundary,700,700,700,700,0,5015.275,9095.71,11167.215
20261003,approval_race,600,600,600,0,0,9243.412,17123.17,20392.766
20261003,authority_unavailable,600,600,600,0,0,4446.403,8880.362,11506.648
20261003,direct_bypass,600,600,600,0,0,28.739,101.694,147.36
20261003,effect_substitution,600,600,600,0,0,4685.45,8634.664,11614.51
20261003,expired,700,700,700,0,0,4244.474,7302.068,9782.456
20261003,expired_request,600,600,600,0,0,34.317,121.517,358.699
20261003,missing_proof,600,600,600,0,0,28.677,102.834,212.243
20261003,over_limit,600,600,600,0,0,4416.689,7863.788,11294.386
20261003,payload_tamper,600,600,600,0,0,33.192,114.349,244.504
20261003,replay,600,600,600,0,0,4887.448,9919.747,12165.522
20261003,revoked,600,600,600,0,0,4360.195,8770.734,10977.374
20261003,tampered_proof,600,600,600,0,0,4689.351,8387.256,11207.332
20261003,wrong_identity,600,600,600,0,0,34.054,107.689,218.086
20261003,wrong_scope,600,600,600,0,0,4309.309,7735.596,9515.701
20261004,allowed,800,800,800,800,0,4038.835,6012.455,6603.262
20261004,allowed_boundary,700,700,700,700,0,4054.34,5937.799,6283.537
20261004,approval_race,600,600,600,0,0,7326.21,9849.786,10560.994
20261004,authority_unavailable,600,600,600,0,0,3499.335,5292.231,5879.933
20261004,direct_bypass,600,600,600,0,0,21.942,74.021,112.101
20261004,effect_substitution,600,600,600,0,0,3788.219,5688.589,6526.593
20261004,expired,700,700,700,0,0,3473.756,5303.089,5623.338
20261004,expired_request,600,600,600,0,0,23.772,86.64,129.394
20261004,missing_proof,600,600,600,0,0,24.17,84.437,134.674
20261004,over_limit,600,600,600,0,0,3571.9,5418.546,5761.697
20261004,payload_tamper,600,600,600,0,0,21.648,78.714,139.706
20261004,replay,600,600,600,0,0,4095.972,5888.177,6405.911
20261004,revoked,600,600,600,0,0,3456.673,5319.708,5672.717
20261004,tampered_proof,600,600,600,0,0,3736.385,5548.864,5939.951
20261004,wrong_identity,600,600,600,0,0,21.923,86.002,142.591
20261004,wrong_scope,600,600,600,0,0,3482.377,5355.03,5763.495
